Node,Name
5708,CSO006
5942,CSO053
P7,CSO055
6717,CSO011
5494,CSO003
14853,CSO017
14961,CSO066
14405,CSO033
12611,CSO026
10058,CSO027
14,CSO054
15752,CSO014
4654,Quarry(2)
15152,CSO064
6366,CSO012(2)
7509b,CSO028(2)
7509a,CSO028(1)
6370,CSO012(1)
E-ADDED-E-6274,CSO035
14690,CSO022
E-MH-1199,CSO056
15762,CSO015
E-ADDED-E-6740,CSO037
5904,CSO008
5778,CSO060
10251,CSO059
15760,CSO016
5551,CSO010
4912,Quarry(1)
9866,CSO013
7743,CSO052
E-node-361,CSO029
6888,CSO058
E-ADDED-E-23866,CSO009
10208,CSO004(1)
10210,CSO004(2)
E-ADDED-E-6092,CSO023
E-node-974,CSO047
7140,CSO050
6894,CSO051
15467,CSO025
E-ADDED-E-23891,CSO007
E-ADDED-E-6499,CSO040
E-ADDED-E-7194,CSO038
E-ADDED-E-18377,CSO042
E-ADDED-E-7563,CSO039
E-ADDED-E-8290,CSO044
16136,CSO063
7630,CSO046
E-ADDED-E-20353,CSO062
4737,CSO061
5868,CSO005
7449w,CSO032
7579,CSO049
7830OUT,CSO048
CSO031,CSO031
N34,CSO057
WWTPOF,CSO001A
