Link,Name
WEIR#163,SPP003
WEIR#164,SPP004
WEIR#165,SPP005
WEIR#166,SPP007
WEIR#167,SPP008
WEIR#168,SPP009
WEIR#169,SPP010
WEIR#170,SPP011
SPP184_w,SPP184
WEIR#171,SPP185
WEIR#172,SPP186
SPP13w,SPP013
E_5882_1,SPP014A
WEIR#96,SPP179
WEIR#95,SPP180
SPP243_w,SPP243
WEIR#121,SPP331
E_16877,SPP018
5910,SPP019
SPP020w,SPP020
5555,SPP021
SPP24w,SPP024
SPP23w,SPP023
SPP296w,SPP296
WEIR#34,SPP304
6778w,SPP206A&B
WEIR2,SPP035
WEIR1,SPP036
SPP042A_w,SPP042A
E_7555,SPP045A
E_23083,SPP047
WEIR#2,SPP048
WEIR#3,SPP050
WEIR#4,SPP051
W1,SPP052
WEIR#5,SPP053
WEIR#6,SPP053
W2,SPP054
WEIR#8,SPP055
W3,SPP056
W4,SPP058
SPP059_w,SPP059
6842w,SPP065
WEIR#9,SPP067
E_8445,SPP128
W16,SPP130
W17,SPP146
WEIR#33,SPP281
SPP282w,SPP282
WEIR#38,SPP326
SPP327_w,SPP327
E_19663,SPP051A
SPP138_w,SPP138
E_4934,SPP145
W23,SPP279
WEIR#27,SPP209
W24,SPP209
SPP068_w,SPP068
W5,SPP069
E_10986,SPP070
SPP072_w,SPP072
E_26898,SPP073
W6,SPP074
SPP075_w,SPP075
W7,SPP077
SPP078_w,SPP078
SPP079_w,SPP079
SPP080_w,SPP080
W8,SPP081
SPP082_w,SPP082
W9,SPP084
SPP085_w,SPP085
E_21473,SPP086
W10,SPP087
W11,SPP088
W12,SPP089
SPP090_w,SPP090
SPP091_w,SPP091
SPP092_w,SPP092
W13,SPP094
WEIR#15,SPP148
WEIR#16,SPP149
WEIR#18,SPP150
WEIR#19,SPP151
12752,SPP152
WEIR#23,SPP198B
WEIR#24,SPP199A
WEIR#25,SPP199B
WEIR#28,SPP217
WEIR#29,SPP218
WEIR#30,SPP248
WEIR#31,SPP249
WEIR#32,SPP277
SPP314_w,SPP314
SPP315_w,SPP315
SPP316_w,SPP316
WEIR#35,SPP317
WEIR#36,SPP318
WEIR#37,SPP319
SPP320_w,SPP320
Lewis_and_Clinton_w,Lewis and Clinton
SmithStILSWeir,Smith Street ILS
WEIR#10,SPP097
WEIR#64,SPP123A
SPP123bw,SPP123B
SPP123C,SPP123C
WEIR#65,SPP124
WEIR#66,SPP125
SPP125Aw,SPP125A
W19,SPP208
WEIR#67,SPP126
W14,SPP115
WEIR#59,SPP120
SPP099_w,SPP099
E_22467,SPP100
E_22466,SPP101
SPP103_w,SPP103
WEIR#53,SPP104
SPP107w,SPP107
WEIR#60,SPP107A
WEIR#63,SPP122
SPP226_w,SPP226
SPP227_w,SPP227
SPP227A_w,SPP227A
WEIR#71,SPP311
SPP223_w,SPP223
SPP224_w,SPP224
SPP225_w,SPP225
E_18376,SPP109
SPP220_w,SPP220
SPP221_w,SPP221
W21,SPP222
WEIR#62,SPP121
WEIR#73,SPP308
SPP308A_w,SPP308A
SPP308B_w,SPP308B
WEIR#69,SPP309
WEIR#70,SPP310
WEIR#57,SPP113
SPP114w,SPP114
WEIR#58,SPP118
WEIR#61,SPP119
WEIR#55,SPP105
WEIR#68,SPP307
WEIR#74,SPP106
WEIR#131,SPP156
SPP156A_w,SPP156A
W18,SPP156B
4419,SPP157
WEIR#108.1,SPP163
WEIR#107,SPP164
WEIR#106,SPP165
WEIR#118,SPP165A
WEIR#105,SPP165B
WEIR#104,SPP166
WEIR#99,SPP175
WEIR#100,SPP176
WEIR#98,SPP177
WEIR#97,SPP178
WEIR#127,SPP200A
WEIR#126,SPP200B
WEIR#124,SPP201
WEIR#123,SPP202
WEIR#115,SPP203
WEIR#114,SPP204
SPP229_w,SPP229
WEIR#102,SPP229A
E_23908,SPP247
WEIR#119,SPP333
SPP334A_w,SPP334A
W20,SPP334B
WEIR#111,SPP335A
WEIR#112,SPP335B
WEIR#109,SPP336A
WEIR#110,SPP336B
WEIR#125,SPP337
WEIR#128,SPP338
WEIR#129,SPP339
WEIR#130,SPP340
WEIR#132,SPP341A
WEIR#135,SPP342A
WEIR#134,SPP342B
WEIR#103,SPP345
WEIR#157,SPP187
WEIR#158,SPP188
WEIR#159,SPP189
WEIR#160,SPP190
WEIR#162,SPP191
SPP193_w,SPP193
SPP280_w,SPP280
WEIR#156,SPP001
N21,SPP244
N22,SPP245
WEIR#174,SPP195
WEIR#173,SPP213
SPP214_w,SPP214
SPP215_w,SPP215
WEIR#82,SPP181
WEIR#83,SPP182
WEIR#84,SPP183
WEIR#85,SPP230
WEIR#86,SPP231
WEIR#87,SPP232
WEIR#88,SPP233
WEIR#89,SPP234
WEIR#120,SPP235
WEIR#92,SPP236
WEIR#94,SPP237
WEIR#93,SPP238
WEIR#91,SPP239
WEIR#90,SPP240
SPP241_w,SPP241
WEIR#80,SPP330
W1_SPP022,SPP022
SPP283w1,SPP283
W15,SPP129
WEIR#11,SPP131
WEIR#12,SPP132
WEIR#13,SPP133
SPP135a_w,SPP135A
SPP136A_w,SPP136A
SPP137_w1,SPP137
SPP137_w2,SPP137
16115,SPP211
16112,SPP212
SPP291_w,SPP291
SPP292_w,SPP292
SPP293_w,SPP293
SPP294_w,SPP294
SPP295_w,SPP295
12997W,SPP322
SPP329_of,SPP329
WEIR#152,SPP254
WEIR#147,SPP255
WEIR#148,SPP255
WEIR#151,SPP257
SPP258w,SPP258
WEIR#149,SPP259
WEIR#150,SPP260
WEIR#140,SPP261
WEIR#141,SPP262
WEIR#142,SPP263
WEIR#139,SPP264
WEIR#143,SPP265
W22,SPP266
WEIR#144,SPP267
WEIR#138,SPP268
SPP269_w,SPP269
SPP270_w,SPP270
SPP271_w,SPP271
SPP272_w,SPP272
SPP273_w,SPP273
WEIR#154,SPP274
WEIR#145,SPP275
WEIR#146,SPP276
WEIR#153,SPP285
